{
  "accuracy": 0.8255798228413009,
  "macro_precision": 0.776774988366108,
  "macro_recall": 0.754017145530782,
  "macro_f1": 0.7610486439180101,
  "per_class": {
    "BACKGROUND": {
      "precision": 0.5918821239922157,
      "recall": 0.6919077023074424,
      "f1": 0.6379982019778244,
      "support": 3077
    },
    "OBJECTIVE": {
      "precision": 0.7510373443983402,
      "recall": 0.5430775825117874,
      "f1": 0.6303482587064677,
      "support": 2333
    },
    "METHODS": {
      "precision": 0.8826692270763322,
      "recall": 0.9300890327802509,
      "f1": 0.9057589043795261,
      "support": 9884
    },
    "RESULTS": {
      "precision": 0.8915966386554622,
      "recall": 0.8738803665190981,
      "f1": 0.8826496126449331,
      "support": 9713
    },
    "CONCLUSIONS": {
      "precision": 0.76668960770819,
      "recall": 0.7311310435353314,
      "f1": 0.748488241881299,
      "support": 4571
    }
  }
}