{
  "train_loss": [
    0.6199050582711675,
    0.45576710157642436,
    0.38988567799570345,
    0.3280393472620539,
    0.27245169516084966,
    0.22121158773727279,
    0.15333491058144066,
    0.11591096365134357,
    0.0876565718959298,
    0.05377554130192917
  ],
  "val_loss": [
    0.5009190871504061,
    0.45872279300172875,
    0.453567715306975,
    0.47646670979160155,
    0.5087071026101142,
    0.5747391153583954,
    0.6813478199868036,
    0.7789618801189967,
    0.8768940370788019,
    1.029236806534988
  ],
  "train_acc": [
    0.7658597615516128,
    0.8314217456776984,
    0.8572423319482343,
    0.8792925804735001,
    0.8989085268509188,
    0.9169902967584154,
    0.9430373297403788,
    0.9577676883187464,
    0.9686710974739869,
    0.9819408747636462
  ],
  "val_acc": [
    0.8136964141277973,
    0.8318616877864654,
    0.832704232946886,
    0.8328390401725533,
    0.8297721757886223,
    0.8285252089511997,
    0.825626853599353,
    0.8202682663790779,
    0.8195942302507414,
    0.8151455918037207
  ]
}